{
  "project_info": {
    "project_number": "175481732906",
    "firebase_url": "https://user-database-16705-default-rtdb.firebaseio.com",
    "project_id": "user-database-16705",
    "storage_bucket": "user-database-16705.appspot.com"
  },
  "client": [
    {
      "client_info": {
        "mobilesdk_app_id": "1:175481732906:android:b0cfc1d842f7bfed25e853",
        "android_client_info": {
          "package_name": "com.DefaultCompany.FirebaseAuthTutorialStarterProject"
        }
      },
      "oauth_client": [
        {
          "client_id": "175481732906-khb6g0s4ops6jscdohh43d0ooc8fcth3.apps.googleusercontent.com",
          "client_type": 3
        }
      ],
      "api_key": [
        {
          "current_key": "AIzaSyCYVv-RiCRdmdtn9hl2Mg11yKoNyfNG0nc"
        }
      ],
      "services": {
        "appinvite_service": {
          "other_platform_oauth_client": [
            {
              "client_id": "175481732906-khb6g0s4ops6jscdohh43d0ooc8fcth3.apps.googleusercontent.com",
              "client_type": 3
            }
          ]
        }
      }
    }
  ],
  "configuration_version": "1"
}